"Name,Age,Gender,Country"
"Priya Patel,45,Female,India"
"Liu Wei,32,Male,China"
"Mason Clark,27,Male,USA"
"Scarlett White,38,Female,UK"
"Sibongile Zulu,55,Female,Africa"
"Arjun Mehta,31,Male,India"
"Ting Wang,29,Female,China"
"Olivia Green,45,Female,USA"
"Liam Harris,26,Male,UK"
"Jabari Mumba,48,Male,Africa"
"Diya Patel,39,Female,India"
"Tao Li,36,Male,China"
"Ava Robinson,30,Female,USA"
"Ella Thompson,29,Female,UK"
"Kofi Amadi,52,Male,Africa"
"Aarav Gupta,40,Male,India"
"Jing Chen,33,Female,China"
"Noah Carter,34,Male,USA"
"Sophia Hall,28,Female,UK"
"Adanna Onwuka,47,Female,Africa"